{
    "loss": 0.11009374433378138,
    "accuracy": 0.9796213808463252
}