{
    "loss": 0.10291635172987831,
    "accuracy": 0.9808463251670378
}