{
    "loss": 0.1089698607372085,
    "accuracy": 0.97728285077951
}