{
    "loss": 0.08568086219058053,
    "accuracy": 0.9834075723830735
}